number	title	comments_count	last_updated	commenters	human_comment_summary
214	CI: PR Fast failed (Ref: 24629210032)	3	2026-04-20T05:57:27Z	github-actions	none
200	CI: PR Fast failed (Ref: 24618541979)	1	2026-04-19T02:24:34Z	github-actions	none
186	CI: Docs PR failed (Ref: 24486609291)	1	2026-04-16T01:35:26Z	github-actions	none
133	CI: CI failed (Ref: 24238528045)	29	2026-04-20T17:08:00Z	github-actions	none
120	CI: Documentation failed (Ref: 24188517793)	1	2026-04-09T23:20:36Z	github-actions	none
116	CI: Documentation failed (Ref: 24187816941)	1	2026-04-09T11:37:46Z	github-actions	none
111	CI: Documentation failed (Ref: 24187218664)	1	2026-04-09T17:55:11Z	github-actions	none
106	CI: Documentation failed (Ref: 24187018299)	1	2026-04-09T11:38:26Z	github-actions	none
105	CI: Tests failed (Ref: 24187079919)	1	2026-04-09T11:20:00Z	github-actions	none
100	CI: Documentation failed (Ref: 24186279391)	2	2026-04-09T23:27:27Z	github-actions	none
94	CI: Documentation failed (Ref: 24184403449)	1	2026-04-09T11:22:59Z	github-actions	none
89	CI: CI failed (Ref: 24183039173)	22	2026-04-09T23:22:24Z	github-actions	none
88	CI: Documentation failed (Ref: 24182751585)	1	2026-04-09T23:22:38Z	github-actions	none
79	CI: Documentation failed (Ref: 24179768936)	1	2026-04-09T09:26:39Z	github-actions	none
76	CI: Documentation failed (Ref: 24175951705)	1	2026-04-09T09:02:46Z	github-actions	none
71	CI: Documentation failed (Ref: 24175240855)	3	2026-04-09T10:01:46Z	github-actions	none
67	CI: CI failed (Ref: 24175182617)	11	2026-04-09T09:24:49Z	github-actions	none
149	🚨 Weekly Documentation Health Check Failed	0	2026-04-13T10:46:06Z	none	none
145	🚨 Weekly Documentation Health Check Failed	0	2026-04-13T10:19:38Z	none	none
143	🚨 Weekly Documentation Health Check Failed	0	2026-04-13T08:54:36Z	none	none
